cmhqmdn7c0000x7vs37bnd6kz,lf_25350,Alice,STUDENT
cmhqmq8g50000x7ksyinze0ae,u_23915,Temp,
cmhqmuam50000x75tc2x8jmfk,u_29918,Temp,
cmhqmxypp0000x7qhcldsxrw1,u_24479,Temp,
cmhqn0z3j0000x76scwy5875l,u_16395,Temp,
cmhqn6slq0000x7e3g38y59gx,u_7075,Temp,
cmhqnpf5a0000x76b0yltamua,u_24716,Ritwick,
cmhqo6p1x0000x7pcvtdmlytf,a_14997,Alice,
cmhqo6psb0003x7pc4fhkhded,b_7693,Bob,
cmhqol2020000x7soe9161efd,a_4244,Alice,
cmhqol3e80003x7sonbmafgr5,b_1194,Bob,
cmhqoq8cm0000x7mv1hidt8ek,a_1727,Alice,
cmhqoq9ek0003x7mvjvurlsbh,b_15826,Bob,
cmhqoubym0000x7a3bevy9hvo,a_27297,Alice,
cmhqoud660003x7a3egcdb6f5,b_8714,Bob,
cmhqoxiz90000x7r912hzocs3,a_18840,Alice,
cmhqoxk6n0003x7r9b6fqj3d3,b_27477,Bob,
cmhqp1q410000x7byik9dz9mi,a_28696,Alice,
cmhqp1sev0003x7byzauajqth,b_26443,Bob,
cmhqrc0cm0000x71k0sb6kanr,a_8814,Alice,
cmhqrc0w80003x71k8eq8yxjh,b_17629,Bob,
cmhqrg68y0000x7r8fkp0a6hx,a_16384,Alice,
cmhqrg6se0003x7r8k0rfh6ow,b_9498,Bob,
cmhqris2h0006x7r8xlnpmrb2,a_24315,Alice,
cmhqrisf10009x7r830mggaj3,b_27940,Bob,
cmhqrmz4a0000x7nwb9vryjwj,a_9456,Alice,
cmhqrmzt40003x7nwj1vtjtp3,b_19521,Bob,
cmhqrraix0000x7iiddlyb29g,a_30480,Alice,
cmhqrrb2d0003x7iiw6yll5fr,b_3150,Bob,
cmhqs9yni0000x7o9wn4qotg2,a_27546,Alice,
cmhqs9zrc0003x7o9ktj5k39i,b_25482,Bob,
cmhqse4qo0006x7o9ihy1ngjd,a_23821,Alice,
cmhqsicg30007x7o9y11u6fw3,a_19660,Alice,
cmhqsmch30008x7o9w4knsd3r,a_21003,Alice,
cmhqsrd9s0009x7o9lgk05y80,a_11499,Alice,
cmhqsy34a000ax7o9lqsndbtb,a_6890,Alice,
cmhqsy3kv000dx7o97dnmm8yu,b_19967,Bob,
cmhqt1k1i000gx7o91cc6b9x6,a_12089,Alice,
cmhqt1kib000jx7o9fqahme5m,b_13598,Bob,
cmhqtsy66000mx7o973fcrcm4,alice_988,Alice,
cmhqttfmu000nx7o95pjtzxta,alice_18597,Alice,
cmhqty0gs000ox7o96j7mts79,alice_21329,Alice,
cmhqu4jsn000px7o903c6kopd,alice_15622,Alice,
cmhqu7d2h000qx7o93bo15188,alice_794,Alice,
cmhqulyv9000rx7o9kyv8isq0,alice_13271,Alice,
cmhquprvu000sx7o904m5tjmg,alice_11172,Alice,
cmhquqfb1000tx7o91j8go8le,alice_9625,Alice,
cmhquqmqf000ux7o9agauidzn,bob_21491,Bob,
cmhqurrxw000vx7o9hbu9vu76,alice_5662,Alice,
cmhquwe64000wx7o9nmh26yd2,alice_17176,Alice,
cmhquzrxc000xx7o9br12iw3o,alice_8757,Alice,
cmhqvbnmj0000x7nlen30quvm,demo_user,Alice,
cmhqvhydo0001x7nlcjnao55l,alice_12187,Alice,
cmhqvjlwf0006x7nlox7mmqyi,cara_18797,Cara,
cmhqvowxp0009x7nl4ksktybw,dan_9223,Dan,
cmhqvoxfz000cx7nlq8tnl1fp,eve_24405,Eve,
